AntalTræk,AntalHits,AntalMisses,HitRatio_Procent,SpilVundet
60,9,51,15,1
43,9,34,20.9302325581395,1
63,9,54,14.2857142857143,1
46,9,37,19.5652173913043,1
50,9,41,18,1
26,9,17,34.6153846153846,1
52,9,43,17.3076923076923,1
50,9,41,18,1
44,9,35,20.4545454545455,1
41,9,32,21.9512195121951,1
